{"assetName":"ewfwe1716871475","position":{"x":0.8897552490234375,"y":0.0,"z":2.8898696899414064},"rotation":{"x":0.0,"y":0.0,"z":0.0,"w":1.0},"childNumber":1,"child":[{"assetName":"ewfwe1716871475","position":{"x":0.0,"y":0.0,"z":0.0},"rotation":{"x":0.0,"y":0.0,"z":0.0,"w":1.0},"childNumber":0,"child":[]}]}