{"assetName":"generatedasset1715662204","position":{"x":5.654949188232422,"y":0.0,"z":6.467883110046387},"rotation":{"x":0.0,"y":0.0,"z":0.0,"w":1.0},"childNumber":1,"child":[{"assetName":"generatedasset1715662204","position":{"x":0.0,"y":0.32387399673461916,"z":0.0},"rotation":{"x":-0.06534875929355622,"y":0.0,"z":0.311720609664917,"w":0.9479239583015442},"childNumber":0,"child":[]}]}