{"assetName":"asdasd1717046897","position":{"x":8.900691986083985,"y":0.0,"z":5.863763809204102},"rotation":{"x":0.0,"y":0.0,"z":0.0,"w":1.0},"childNumber":1,"child":[{"assetName":"asdasd1717046897","position":{"x":0.0,"y":0.13210952281951905,"z":0.0},"rotation":{"x":-0.0038453279994428159,"y":0.0,"z":0.02733170986175537,"w":0.9996190667152405},"childNumber":0,"child":[]}]}