{"assetName":"gothiccandlestick,sideview1716873307","position":{"x":13.514416694641114,"y":0.0,"z":13.922253608703614},"rotation":{"x":0.0,"y":0.0,"z":0.0,"w":1.0},"childNumber":1,"child":[{"assetName":"gothiccandlestick,sideview1716873307","position":{"x":0.0,"y":0.5060418844223023,"z":0.0},"rotation":{"x":0.0060255443677306179,"y":0.0,"z":0.030888250097632409,"w":0.9995046854019165},"childNumber":0,"child":[]}]}