{"assetName":"asukafigure,frontview,evangelion1715831332","position":{"x":2.941659688949585,"y":0.0,"z":3.2214889526367189},"rotation":{"x":0.0,"y":0.0,"z":0.0,"w":1.0},"childNumber":1,"child":[{"assetName":"default","position":{"x":2.941659688949585,"y":0.18997669219970704,"z":3.2214889526367189},"rotation":{"x":-0.23071427643299104,"y":-0.12661348283290864,"z":-0.7322421073913574,"w":0.6281413435935974},"childNumber":0,"child":[]}]}