{"assetName":"Computerscreen,frontview1717743935","position":{"x":12.126923561096192,"y":0.0,"z":10.94864559173584},"rotation":{"x":0.0,"y":0.0,"z":0.0,"w":1.0},"childNumber":1,"child":[{"assetName":"Computerscreen,frontview1717743935","position":{"x":0.0,"y":0.48969781398773196,"z":0.0},"rotation":{"x":-0.006705747917294502,"y":0.0,"z":0.09087357670068741,"w":0.9958398938179016},"childNumber":0,"child":[]}]}