{"assetName":"test1715648800","position":{"x":10.454986572265625,"y":0.0,"z":12.23488998413086},"rotation":{"x":0.0,"y":0.0,"z":0.0,"w":1.0},"childNumber":1,"child":[{"assetName":"default","position":{"x":10.454986572265625,"y":0.2806434631347656,"z":12.23488998413086},"rotation":{"x":-0.4855496287345886,"y":-0.4279460310935974,"z":-0.5670603513717651,"w":0.5094567537307739},"childNumber":0,"child":[]}]}