{"assetName":"gigabeteu1717054723","position":{"x":15.391740798950196,"y":0.0,"z":8.689203262329102},"rotation":{"x":0.0,"y":0.0,"z":0.0,"w":1.0},"childNumber":1,"child":[{"assetName":"gigabeteu1717054723","position":{"x":0.0,"y":0.3758683204650879,"z":0.0},"rotation":{"x":0.017648203298449518,"y":0.0,"z":-0.020625149831175805,"w":0.9996315240859985},"childNumber":0,"child":[]}]}