{"assetName":"sadas1717055009","position":{"x":8.194321632385254,"y":0.0,"z":7.241164207458496},"rotation":{"x":0.0,"y":0.0,"z":0.0,"w":1.0},"childNumber":1,"child":[{"assetName":"sadas1717055009","position":{"x":0.0,"y":0.2830202579498291,"z":0.0},"rotation":{"x":-0.005876223556697369,"y":0.0,"z":-0.04631004109978676,"w":0.9989098310470581},"childNumber":0,"child":[]}]}