{"assetName":"gundamfigure,frontview1715651414","position":{"x":14.424363136291504,"y":0.0,"z":9.914590835571289},"rotation":{"x":0.0,"y":0.0,"z":0.0,"w":1.0},"childNumber":1,"child":[{"assetName":"default","position":{"x":14.424363136291504,"y":0.3934662342071533,"z":9.914590835571289},"rotation":{"x":-0.4751511514186859,"y":-0.475141316652298,"z":-0.5236805081367493,"w":0.5236706137657166},"childNumber":0,"child":[]}]}