{"assetName":"gundamfigure,frontview1715931583","position":{"x":9.236270904541016,"y":0.0,"z":9.901991844177246},"rotation":{"x":0.0,"y":0.0,"z":0.0,"w":1.0},"childNumber":1,"child":[{"assetName":"gundamfigure,frontview1715931583","position":{"x":0.0,"y":0.4847676753997803,"z":0.0},"rotation":{"x":0.0052905878983438019,"y":0.0,"z":0.006945187225937843,"w":0.9999619126319885},"childNumber":0,"child":[]}]}