{"assetName":"uyhbni1717053877","position":{"x":8.63725471496582,"y":0.0,"z":11.343062400817871},"rotation":{"x":0.0,"y":0.0,"z":0.0,"w":1.0},"childNumber":1,"child":[{"assetName":"uyhbni1717053877","position":{"x":0.0,"y":0.10827755928039551,"z":0.0},"rotation":{"x":0.0028606336563825609,"y":0.0,"z":0.12117806822061539,"w":0.9926266670227051},"childNumber":0,"child":[]}]}