{"assetName":"carpet,topview1715323686","position":{"x":12.872686386108399,"y":0.0,"z":11.60116958618164},"rotation":{"x":0.0,"y":0.0,"z":0.0,"w":1.0},"childNumber":1,"child":[{"assetName":"default","position":{"x":12.872686386108399,"y":0.41374707221984866,"z":11.60116958618164},"rotation":{"x":-0.14195086061954499,"y":-0.13278542459011079,"z":-0.6981877684593201,"w":0.6890223622322083},"childNumber":0,"child":[]}]}