{"assetName":"lelouchfrigure,frontview1717044503","position":{"x":11.997535705566407,"y":0.0,"z":8.649107933044434},"rotation":{"x":0.0,"y":0.0,"z":0.0,"w":1.0},"childNumber":1,"child":[{"assetName":"lelouchfrigure,frontview1717044503","position":{"x":0.0,"y":0.43228816986083987,"z":0.0},"rotation":{"x":0.023829994723200799,"y":0.0,"z":0.12415926903486252,"w":0.9919761419296265},"childNumber":0,"child":[]}]}