{"assetName":"asdasdasd1717050332","position":{"x":9.217511177062989,"y":0.0,"z":10.98586654663086},"rotation":{"x":0.0,"y":0.0,"z":0.0,"w":1.0},"childNumber":1,"child":[{"assetName":"asdasdasd1717050332","position":{"x":0.0,"y":0.31160974502563479,"z":0.0},"rotation":{"x":0.035372260957956317,"y":0.0,"z":0.10334262251853943,"w":0.9940166473388672},"childNumber":0,"child":[]}]}