{"assetName":"asdasd1717046641","position":{"x":13.767757415771485,"y":0.0,"z":9.683362007141114},"rotation":{"x":0.0,"y":0.0,"z":0.0,"w":1.0},"childNumber":1,"child":[{"assetName":"asdasd1717046641","position":{"x":0.0,"y":0.1923668384552002,"z":0.0},"rotation":{"x":0.004114239010959864,"y":0.0,"z":0.01923464797437191,"w":0.9998065829277039},"childNumber":0,"child":[]}]}