{"assetName":"dsfsdf1715651995","position":{"x":1.0717277526855469,"y":0.0,"z":2.25927734375},"rotation":{"x":0.0,"y":0.0,"z":0.0,"w":1.0},"childNumber":1,"child":[{"assetName":"default","position":{"x":1.0717277526855469,"y":0.12450504302978516,"z":2.25927734375},"rotation":{"x":-0.4772418737411499,"y":-0.47889113426208498,"z":-0.5201850533485413,"w":0.5218343138694763},"childNumber":0,"child":[]}]}