{"assetName":"fsadfdsf1715651361","position":{"x":12.236733436584473,"y":0.0,"z":10.520608901977539},"rotation":{"x":0.0,"y":0.0,"z":0.0,"w":1.0},"childNumber":1,"child":[{"assetName":"default","position":{"x":12.236733436584473,"y":0.05684161186218262,"z":10.520608901977539},"rotation":{"x":-0.1802724003791809,"y":-0.49194100499153139,"z":-0.42594197392463686,"w":0.7376105785369873},"childNumber":0,"child":[]}]}