{"assetName":"test1717043962","position":{"x":7.989836692810059,"y":0.0,"z":9.01129150390625},"rotation":{"x":0.0,"y":0.0,"z":0.0,"w":1.0},"childNumber":1,"child":[{"assetName":"test1717043962","position":{"x":0.0,"y":0.21373963356018067,"z":0.0},"rotation":{"x":0.008553622290492058,"y":0.0,"z":0.017519911751151086,"w":0.9998099207878113},"childNumber":0,"child":[]}]}