{"assetName":"grwgtryiou1717054357","position":{"x":9.890719413757325,"y":0.0,"z":7.528076648712158},"rotation":{"x":0.0,"y":0.0,"z":0.0,"w":1.0},"childNumber":1,"child":[{"assetName":"grwgtryiou1717054357","position":{"x":0.0,"y":0.32374656200408938,"z":0.0},"rotation":{"x":0.048816926777362826,"y":0.0,"z":0.4968498647212982,"w":0.8664624094963074},"childNumber":0,"child":[]}]}