{"assetName":"bed,topview1715323541","position":{"x":13.528324127197266,"y":0.0,"z":12.78597354888916},"rotation":{"x":0.0,"y":0.0,"z":0.0,"w":1.0},"childNumber":1,"child":[{"assetName":"default","position":{"x":13.528324127197266,"y":0.15978050231933595,"z":12.78597354888916},"rotation":{"x":-0.24099388718605042,"y":-0.2156868577003479,"z":-0.6816381812095642,"w":0.6563311219215393},"childNumber":0,"child":[]}]}