{"assetName":"asdasdasd1717390329","position":{"x":10.383009910583496,"y":0.0,"z":9.859716415405274},"rotation":{"x":0.0,"y":0.0,"z":0.0,"w":1.0},"childNumber":1,"child":[{"assetName":"asdasdasd1717390329","position":{"x":0.0,"y":0.34790587425231936,"z":0.0},"rotation":{"x":-0.0010587484575808049,"y":0.0,"z":0.09681573510169983,"w":0.9953017830848694},"childNumber":0,"child":[]}]}