{"assetName":"morganafigure,frontview,leagueoflegend1715316331","position":{"x":10.088617324829102,"y":0.0,"z":7.779524803161621},"rotation":{"x":0.0,"y":0.0,"z":0.0,"w":1.0},"childNumber":1,"child":[{"assetName":"morganafigure,frontview,leagueoflegend1715316331","position":{"x":10.088617324829102,"y":0.40841078758239748,"z":7.779524803161621},"rotation":{"x":-0.0037924686912447216,"y":0.0,"z":0.00887141190469265,"w":0.9999535083770752},"childNumber":0,"child":[]}]}