{"assetName":"nightstand,frontview1715324471","position":{"x":21.234094619750978,"y":0.0,"z":12.980584144592286},"rotation":{"x":0.0,"y":0.0,"z":0.0,"w":1.0},"childNumber":1,"child":[{"assetName":"default","position":{"x":21.234094619750978,"y":0.4976949691772461,"z":12.980584144592286},"rotation":{"x":-0.500373899936676,"y":-0.5025662183761597,"z":-0.4974270462989807,"w":0.49961933493614199},"childNumber":0,"child":[]}]}