{"assetName":"gothicchair,frontview1716873090","position":{"x":13.56339168548584,"y":0.0,"z":11.954207420349121},"rotation":{"x":0.0,"y":0.0,"z":0.0,"w":1.0},"childNumber":1,"child":[{"assetName":"gothicchair,frontview1716873090","position":{"x":0.0,"y":0.4731597900390625,"z":0.0},"rotation":{"x":0.0005669847596436739,"y":0.0,"z":0.03474118933081627,"w":0.9993962049484253},"childNumber":0,"child":[]}]}