{"meshName":"mesh.obj","imgName":"fghdfghd_20240621_030.png","objectDescription":"fghdfghd_20240621_030","boundingBoxSize":{"x":0.0,"y":0.0,"z":0.0},"goData":{"assetName":"mesh_fghdfghd_20240621_030","position":{"x":-0.13726329803466798,"y":-0.029999971389770509,"z":6.7375593185424809},"rotation":{"x":0.0,"y":0.0,"z":0.0,"w":1.0},"scale":{"x":1.0,"y":1.0,"z":1.0},"childNumber":0,"child":[]}}