{"assetName":"awoodenchair,frontview1715662500","position":{"x":11.893568992614746,"y":0.0,"z":10.053592681884766},"rotation":{"x":0.0,"y":0.0,"z":0.0,"w":1.0},"childNumber":1,"child":[{"assetName":"awoodenchair,frontview1715662500","position":{"x":0.0,"y":0.4340057373046875,"z":0.0},"rotation":{"x":0.002113867551088333,"y":0.0,"z":0.10752956569194794,"w":0.9941996932029724},"childNumber":0,"child":[]}]}