{"assetName":"asdasd1717049256","position":{"x":11.967513084411621,"y":0.0,"z":11.993412017822266},"rotation":{"x":0.0,"y":0.0,"z":0.0,"w":1.0},"childNumber":1,"child":[{"assetName":"asdasd1717049256","position":{"x":0.0,"y":0.2920253276824951,"z":0.0},"rotation":{"x":0.03413613885641098,"y":0.0,"z":0.24587510526180268,"w":0.9687002897262573},"childNumber":0,"child":[]}]}