{"assetName":"fdsfsdf1715652064","position":{"x":0.44054412841796877,"y":0.0,"z":2.193950653076172},"rotation":{"x":0.0,"y":0.0,"z":0.0,"w":1.0},"childNumber":1,"child":[{"assetName":"default","position":{"x":0.44054412841796877,"y":0.4836684465408325,"z":2.193950653076172},"rotation":{"x":-0.5022890567779541,"y":-0.5037866234779358,"z":-0.49619370698928835,"w":0.49769127368927},"childNumber":0,"child":[]}]}