{"assetName":"kjhkhj1715651836","position":{"x":0.4266204833984375,"y":0.0,"z":1.9088859558105469},"rotation":{"x":0.0,"y":0.0,"z":0.0,"w":1.0},"childNumber":1,"child":[{"assetName":"default","position":{"x":0.4266204833984375,"y":0.31228625774383547,"z":1.9088859558105469},"rotation":{"x":-0.4770829975605011,"y":-0.4736103415489197,"z":-0.5252242088317871,"w":0.5217515230178833},"childNumber":0,"child":[]}]}