{"assetName":"chair1716875758","position":{"x":10.764997482299805,"y":0.0,"z":5.76037073135376},"rotation":{"x":0.0,"y":0.0,"z":0.0,"w":1.0},"childNumber":1,"child":[{"assetName":"default","position":{"x":10.764997482299805,"y":0.4805147647857666,"z":5.76037073135376},"rotation":{"x":-0.39420804381370547,"y":-0.3595106601715088,"z":-0.6151572465896606,"w":0.5804598927497864},"childNumber":0,"child":[]}]}