{"assetName":"dsf1715312464","position":{"x":0.5240097045898438,"y":0.0,"z":2.352130889892578},"rotation":{"x":0.0,"y":0.0,"z":0.0,"w":1.0},"childNumber":1,"child":[{"assetName":"dsf1715312464","position":{"x":0.5240097045898438,"y":0.5208802223205566,"z":2.352130889892578},"rotation":{"x":-0.009576531127095223,"y":0.0,"z":0.16796651482582093,"w":0.9857462048530579},"childNumber":0,"child":[]}]}