{"assetName":"foxplushy,frontview1717745535","position":{"x":9.89402961730957,"y":0.0,"z":7.481192588806152},"rotation":{"x":0.0,"y":0.0,"z":0.0,"w":1.0},"childNumber":1,"child":[{"assetName":"foxplushy,frontview1717745535","position":{"x":0.0,"y":0.468677282333374,"z":0.0},"rotation":{"x":-0.0035737501457333566,"y":0.0,"z":0.02663092128932476,"w":0.9996389746665955},"childNumber":0,"child":[]}]}