{"assetName":"dfgdfg1717053803","position":{"x":5.728898525238037,"y":0.0,"z":5.961726188659668},"rotation":{"x":0.0,"y":0.0,"z":0.0,"w":1.0},"childNumber":1,"child":[{"assetName":"dfgdfg1717053803","position":{"x":0.0,"y":0.375622034072876,"z":0.0},"rotation":{"x":-0.26773619651794436,"y":0.0,"z":0.24595622718334199,"w":0.9315701127052307},"childNumber":0,"child":[]}]}