{"assetName":"gothicchesstable,sideview1716873446","position":{"x":9.50393295288086,"y":0.0,"z":17.47684097290039},"rotation":{"x":0.0,"y":0.0,"z":0.0,"w":1.0},"childNumber":1,"child":[{"assetName":"gothicchesstable,sideview1716873446","position":{"x":0.0,"y":0.4915430545806885,"z":0.0},"rotation":{"x":-0.008288821205496788,"y":0.0,"z":0.21012583374977113,"w":0.9776392579078674},"childNumber":0,"child":[]}]}