{"assetName":"luxfigure,leagueoflegend,frontview,fullbody1715662043","position":{"x":11.953369140625,"y":0.0,"z":11.886846542358399},"rotation":{"x":0.0,"y":0.0,"z":0.0,"w":1.0},"childNumber":1,"child":[{"assetName":"luxfigure,leagueoflegend,frontview,fullbody1715662043","position":{"x":11.953369140625,"y":0.42510318756103518,"z":11.886846542358399},"rotation":{"x":-0.07663044333457947,"y":0.0,"z":0.3352777063846588,"w":0.9389976859092712},"childNumber":0,"child":[]}]}