{"assetName":"fdsfsd1715315567","position":{"x":0.24532699584960938,"y":0.0,"z":3.5028228759765627},"rotation":{"x":0.0,"y":0.0,"z":0.0,"w":1.0},"childNumber":1,"child":[{"assetName":"fdsfsd1715315567","position":{"x":0.24532699584960938,"y":0.20023250579833985,"z":3.5028228759765627},"rotation":{"x":0.0987870991230011,"y":0.0,"z":0.11466339230537415,"w":0.9884803891181946},"childNumber":0,"child":[]}]}