{"assetName":"woodentable,frontview1716873035","position":{"x":13.156473159790039,"y":0.0,"z":11.977237701416016},"rotation":{"x":0.0,"y":0.0,"z":0.0,"w":1.0},"childNumber":1,"child":[{"assetName":"woodentable,frontview1716873035","position":{"x":0.0,"y":0.40980851650238039,"z":0.0},"rotation":{"x":-0.0008064046851359308,"y":0.0,"z":0.18733900785446168,"w":0.982295036315918},"childNumber":0,"child":[]}]}