{"assetName":"computerdesk,frontview1715323491","position":{"x":10.995481491088868,"y":0.0,"z":12.492618560791016},"rotation":{"x":0.0,"y":0.0,"z":0.0,"w":1.0},"childNumber":1,"child":[{"assetName":"default","position":{"x":10.995481491088868,"y":0.3833221197128296,"z":12.492618560791016},"rotation":{"x":-0.4494341313838959,"y":-0.4494296908378601,"z":-0.5459060668945313,"w":0.5459015965461731},"childNumber":0,"child":[]}]}