{"assetName":"asdasd1717053728","position":{"x":7.221517086029053,"y":0.0,"z":5.180691242218018},"rotation":{"x":0.0,"y":0.0,"z":0.0,"w":1.0},"childNumber":1,"child":[{"assetName":"asdasd1717053728","position":{"x":0.0,"y":0.44733500480651858,"z":0.0},"rotation":{"x":0.005769743584096432,"y":0.0,"z":0.03803648427128792,"w":0.9992597103118897},"childNumber":0,"child":[]}]}