{"assetName":"asdasd1716871880","position":{"x":1.1429595947265626,"y":0.0,"z":2.6731300354003908},"rotation":{"x":0.0,"y":0.0,"z":0.0,"w":1.0},"childNumber":1,"child":[{"assetName":"asdasd1716871880","position":{"x":0.0,"y":0.09596788883209229,"z":0.0},"rotation":{"x":0.018475543707609178,"y":0.0,"z":0.14128774404525758,"w":0.9897961616516113},"childNumber":0,"child":[]}]}