{"assetName":"ahrifigure,frontview,leagueoflegend1715311571","position":{"x":0.26509857177734377,"y":0.0,"z":1.9797935485839844},"rotation":{"x":0.0,"y":0.0,"z":0.0,"w":1.0},"childNumber":1,"child":[{"assetName":"ahrifigure,frontview,leagueoflegend1715311571","position":{"x":0.26509857177734377,"y":0.4560657739639282,"z":1.9797935485839844},"rotation":{"x":-0.014439214952290059,"y":0.0,"z":0.00478362524881959,"w":0.999884307384491},"childNumber":0,"child":[]}]}