{"assetName":"fdsafdsf1717054917","position":{"x":8.987197875976563,"y":0.0,"z":6.090006351470947},"rotation":{"x":0.0,"y":0.0,"z":0.0,"w":1.0},"childNumber":1,"child":[{"assetName":"fdsafdsf1717054917","position":{"x":0.0,"y":0.45598363876342776,"z":0.0},"rotation":{"x":0.002248117933049798,"y":0.0,"z":-0.01708618924021721,"w":0.9998515248298645},"childNumber":0,"child":[]}]}