{"assetName":"ghjhgj1715651788","position":{"x":0.1487274169921875,"y":0.0,"z":1.925994873046875},"rotation":{"x":0.0,"y":0.0,"z":0.0,"w":1.0},"childNumber":1,"child":[{"assetName":"default","position":{"x":0.1487274169921875,"y":0.4926619529724121,"z":1.925994873046875},"rotation":{"x":-0.496057391166687,"y":-0.4440354108810425,"z":-0.5529865622520447,"w":0.5009645819664002},"childNumber":0,"child":[]}]}