{"assetName":"gothicbookshelf,frontview1716873152","position":{"x":11.172418594360352,"y":0.0,"z":12.06900691986084},"rotation":{"x":0.0,"y":0.0,"z":0.0,"w":1.0},"childNumber":1,"child":[{"assetName":"gothicbookshelf,frontview1716873152","position":{"x":0.0,"y":0.497791051864624,"z":0.0},"rotation":{"x":0.0002652652910910547,"y":0.0,"z":-0.013204488903284073,"w":0.9999127984046936},"childNumber":0,"child":[]}]}