{"assetName":"sadas1717046489","position":{"x":12.815564155578614,"y":0.0,"z":15.948046684265137},"rotation":{"x":0.0,"y":0.0,"z":0.0,"w":1.0},"childNumber":1,"child":[{"assetName":"sadas1717046489","position":{"x":0.0,"y":0.25242185592651369,"z":0.0},"rotation":{"x":-0.001448337803594768,"y":0.0,"z":0.4141112267971039,"w":0.9102251529693604},"childNumber":0,"child":[]}]}