{"assetName":"Playground","position":{"x":0.0,"y":0.0,"z":0.0},"rotation":{"x":0.0,"y":0.0,"z":0.0,"w":1.0},"childNumber":1,"child":[{"assetName":"sharkfigure1714545478","position":{"x":-4.125157356262207,"y":0.0,"z":4.093051910400391},"rotation":{"x":0.0,"y":0.0,"z":0.0,"w":1.0},"childNumber":1,"child":[{"assetName":"default","position":{"x":-4.125157356262207,"y":0.4010734558105469,"z":4.093051910400391},"rotation":{"x":-0.43906569480895998,"y":-0.3841029405593872,"z":-0.6011432409286499,"w":0.5461804866790772},"childNumber":0,"child":[]}]}]}