{"assetName":"asdasdasd1717047450","position":{"x":4.1169281005859379,"y":0.0,"z":6.036108493804932},"rotation":{"x":0.0,"y":0.0,"z":0.0,"w":1.0},"childNumber":1,"child":[{"assetName":"asdasdasd1717047450","position":{"x":0.0,"y":0.47084879875183108,"z":0.0},"rotation":{"x":-0.07275998592376709,"y":0.0,"z":0.12278614938259125,"w":0.9897623658180237},"childNumber":0,"child":[]}]}