{"assetName":"kaylefigure,frontview,leagueoflegend1715312242","position":{"x":15.963188171386719,"y":0.0,"z":0.45688629150390627},"rotation":{"x":0.0,"y":0.0,"z":0.0,"w":1.0},"childNumber":1,"child":[{"assetName":"kaylefigure,frontview,leagueoflegend1715312242","position":{"x":15.963188171386719,"y":0.4874495267868042,"z":0.45688629150390627},"rotation":{"x":-0.004181875381618738,"y":0.0,"z":-0.016400272026658059,"w":0.9998567700386047},"childNumber":0,"child":[]}]}