{"assetName":"agundamfigure,frontview1715579374","position":{"x":12.788256645202637,"y":0.0,"z":13.23419189453125},"rotation":{"x":0.0,"y":0.0,"z":0.0,"w":1.0},"childNumber":1,"child":[{"assetName":"default","position":{"x":12.788256645202637,"y":0.4822208881378174,"z":13.23419189453125},"rotation":{"x":-0.4997338652610779,"y":-0.5336174368858337,"z":-0.46521201729774477,"w":0.4990955591201782},"childNumber":0,"child":[]}]}