{"assetName":"Playground","position":{"x":0.0,"y":0.0,"z":0.0},"rotation":{"x":0.0,"y":0.0,"z":0.0,"w":1.0},"childNumber":4,"child":[{"assetName":"fox1714546393","position":{"x":4.023439884185791,"y":0.0,"z":4.163839340209961},"rotation":{"x":0.0,"y":0.0,"z":0.0,"w":1.0},"childNumber":1,"child":[{"assetName":"default","position":{"x":4.023439884185791,"y":0.3794301748275757,"z":4.163839340209961},"rotation":{"x":-0.5403333306312561,"y":-0.5221864581108093,"z":-0.47554776072502139,"w":0.4574008584022522},"childNumber":0,"child":[]}]},{"assetName":"Monkey1714546437","position":{"x":-4.007359504699707,"y":0.0,"z":4.073380470275879},"rotation":{"x":0.0,"y":0.0,"z":0.0,"w":1.0},"childNumber":1,"child":[{"assetName":"default","position":{"x":-4.007359504699707,"y":0.3931388854980469,"z":4.073380470275879},"rotation":{"x":-0.458825021982193,"y":-0.44285717606544497,"z":-0.5526074767112732,"w":0.5366396307945252},"childNumber":0,"child":[]}]},{"assetName":"Monkeyfamily1714546542","position":{"x":-2.694000005722046,"y":0.0,"z":4.01200008392334},"rotation":{"x":0.0,"y":0.0,"z":0.0,"w":1.0},"childNumber":1,"child":[{"assetName":"default","position":{"x":-2.684000015258789,"y":0.45399999618530276,"z":3.9639999866485597},"rotation":{"x":-0.3487560749053955,"y":-0.40073782205581667,"z":-0.5725187063217163,"w":0.6245004534721375},"childNumber":0,"child":[]}]},{"assetName":"armyofmonkey1714546610","position":{"x":0.15199999511241914,"y":0.0,"z":3.5850000381469728},"rotation":{"x":0.0,"y":0.0,"z":0.0,"w":1.0},"childNumber":1,"child":[{"assetName":"default","position":{"x":0.15199999511241914,"y":0.8771231174468994,"z":3.5850000381469728},"rotation":{"x":-0.46291080117225649,"y":-0.4986790120601654,"z":-0.49999290704727175,"w":0.5357611179351807},"childNumber":0,"child":[]}]}]}