{"assetName":"98489521717054532","position":{"x":8.113415718078614,"y":0.0,"z":6.746597766876221},"rotation":{"x":0.0,"y":0.0,"z":0.0,"w":1.0},"childNumber":1,"child":[{"assetName":"98489521717054532","position":{"x":0.0,"y":0.2300206422805786,"z":0.0},"rotation":{"x":0.005345444194972515,"y":0.0,"z":-0.0162900909781456,"w":0.9998530745506287},"childNumber":0,"child":[]}]}