{"assetName":"gravesfigure,leagueoflegend,frontview1715312005","position":{"x":0.3033103942871094,"y":0.0,"z":3.098003387451172},"rotation":{"x":0.0,"y":0.0,"z":0.0,"w":1.0},"childNumber":1,"child":[{"assetName":"gravesfigure,leagueoflegend,frontview1715312005","position":{"x":0.3033103942871094,"y":0.4575580358505249,"z":3.098003387451172},"rotation":{"x":0.011611496098339558,"y":0.0,"z":-0.009424467571079731,"w":0.9998881816864014},"childNumber":0,"child":[]}]}