{"assetName":"ChoicePickernapoleonfigure1718862331","position":{"x":9.10622501373291,"y":0.0,"z":6.587653636932373},"rotation":{"x":0.0,"y":0.0,"z":0.0,"w":1.0},"childNumber":1,"child":[{"assetName":"ChoicePickernapoleonfigure1718862331","position":{"x":0.0,"y":0.48044657707214358,"z":0.0},"rotation":{"x":-0.24818943440914155,"y":0.0,"z":0.5031300783157349,"w":0.8278056383132935},"childNumber":0,"child":[]}]}