{"assetName":"sadasd1717046722","position":{"x":10.850519180297852,"y":0.0,"z":3.7995877265930177},"rotation":{"x":0.0,"y":0.0,"z":0.0,"w":1.0},"childNumber":1,"child":[{"assetName":"sadasd1717046722","position":{"x":0.0,"y":0.4456188678741455,"z":0.0},"rotation":{"x":-0.0036640416365116836,"y":0.0,"z":0.053473662585020068,"w":0.9985625743865967},"childNumber":0,"child":[]}]}