{"assetName":"asdasdas1717054106","position":{"x":8.132935523986817,"y":0.0,"z":7.373773097991943},"rotation":{"x":0.0,"y":0.0,"z":0.0,"w":1.0},"childNumber":1,"child":[{"assetName":"asdasdas1717054106","position":{"x":0.0,"y":0.1888512372970581,"z":0.0},"rotation":{"x":-0.005439924541860819,"y":0.0,"z":0.012534527108073235,"w":0.9999066591262817},"childNumber":0,"child":[]}]}