{"meshName":"mesh.obj","imgName":"jhdfkg kjfdhg  jjfg_20240621_030.png","objectDescription":"jhdfkg kjfdhg  jjfg_20240621_030","boundingBoxSize":{"x":0.0,"y":0.0,"z":0.0},"goData":{"assetName":"mesh_jhdfkg kjfdhg  jjfg_20240621_030","position":{"x":0.5159835815429688,"y":-0.029999971389770509,"z":2.932591438293457},"rotation":{"x":0.0,"y":0.0,"z":0.0,"w":1.0},"scale":{"x":1.0,"y":1.0,"z":1.0},"childNumber":0,"child":[]}}