{"assetName":"mabeutu1716956054","position":{"x":14.41562271118164,"y":0.0,"z":11.040514945983887},"rotation":{"x":0.0,"y":0.0,"z":0.0,"w":1.0},"childNumber":1,"child":[{"assetName":"mabeutu1716956054","position":{"x":0.0,"y":0.0,"z":0.0},"rotation":{"x":0.0,"y":0.0,"z":0.0,"w":1.0},"childNumber":0,"child":[]}]}