{"assetName":"gothictable,sideview1716873247","position":{"x":13.50716781616211,"y":0.0,"z":10.37891674041748},"rotation":{"x":0.0,"y":0.0,"z":0.0,"w":1.0},"childNumber":1,"child":[{"assetName":"gothictable,sideview1716873247","position":{"x":0.0,"y":0.2175612449645996,"z":0.0},"rotation":{"x":-0.03001878224313259,"y":0.0,"z":0.26593372225761416,"w":0.9635238647460938},"childNumber":0,"child":[]}]}