{"assetName":"bed,frontview1715323952","position":{"x":13.614567756652832,"y":0.0,"z":12.936042785644532},"rotation":{"x":0.0,"y":0.0,"z":0.0,"w":1.0},"childNumber":1,"child":[{"assetName":"default","position":{"x":13.614567756652832,"y":0.3404526710510254,"z":12.936042785644532},"rotation":{"x":-0.4811673164367676,"y":-0.4812072515487671,"z":-0.5181101560592651,"w":0.5181500911712647},"childNumber":0,"child":[]}]}