{"assetName":"gundamfigure,frontview,beautiful,highdetails1717744072","position":{"x":12.203202247619629,"y":0.0,"z":11.743034362792969},"rotation":{"x":0.0,"y":0.0,"z":0.0,"w":1.0},"childNumber":1,"child":[{"assetName":"gundamfigure,frontview,beautiful,highdetails1717744072","position":{"x":0.0,"y":0.4899418354034424,"z":0.0},"rotation":{"x":0.08654981106519699,"y":0.0,"z":0.13100580871105195,"w":0.9875963926315308},"childNumber":0,"child":[]}]}