{"assetName":"deskchair,frontview1715323649","position":{"x":12.035697937011719,"y":0.0,"z":11.893332481384278},"rotation":{"x":0.0,"y":0.0,"z":0.0,"w":1.0},"childNumber":1,"child":[{"assetName":"default","position":{"x":12.035697937011719,"y":0.391499400138855,"z":11.893332481384278},"rotation":{"x":-0.42651134729385378,"y":-0.4527633786201477,"z":-0.5403849482536316,"w":0.5666369795799255},"childNumber":0,"child":[]}]}