{"assetName":"bed,topview,straightview1715324079","position":{"x":13.679314613342286,"y":0.0,"z":12.715166091918946},"rotation":{"x":0.0,"y":0.0,"z":0.0,"w":1.0},"childNumber":1,"child":[{"assetName":"default","position":{"x":13.679314613342286,"y":0.3451862335205078,"z":12.715166091918946},"rotation":{"x":-0.1973894238471985,"y":-0.3000842332839966,"z":-0.6065711975097656,"w":0.7092660069465637},"childNumber":0,"child":[]}]}