{"assetName":"khazixfigure,frontview,leagueoflegend1715313324","position":{"x":0.26776123046875,"y":0.0,"z":2.2671585083007814},"rotation":{"x":0.0,"y":0.0,"z":0.0,"w":1.0},"childNumber":1,"child":[{"assetName":"khazixfigure,frontview,leagueoflegend1715313324","position":{"x":0.26776123046875,"y":0.37786829471588137,"z":2.2671585083007814},"rotation":{"x":0.17420990765094758,"y":0.0,"z":0.3945491313934326,"w":0.902209460735321},"childNumber":0,"child":[]}]}