{"assetName":"dsadas1717055373","position":{"x":9.905993461608887,"y":0.0,"z":10.088663101196289},"rotation":{"x":0.0,"y":0.0,"z":0.0,"w":1.0},"childNumber":1,"child":[{"assetName":"dsadas1717055373","position":{"x":0.0,"y":0.0,"z":0.0},"rotation":{"x":0.0,"y":0.0,"z":0.0,"w":1.0},"childNumber":0,"child":[]}]}