{"assetName":"bhgh1716874802","position":{"x":4.9338297843933109,"y":0.0,"z":8.18758773803711},"rotation":{"x":0.0,"y":0.0,"z":0.0,"w":1.0},"childNumber":1,"child":[{"assetName":"default","position":{"x":4.9338297843933109,"y":0.30187392234802248,"z":8.18758773803711},"rotation":{"x":-0.278984934091568,"y":-0.2275291234254837,"z":-0.6849221587181091,"w":0.633466362953186},"childNumber":0,"child":[]}]}