{"assetName":"qzc2511717054053","position":{"x":10.146651268005371,"y":0.0,"z":7.396172523498535},"rotation":{"x":0.0,"y":0.0,"z":0.0,"w":1.0},"childNumber":1,"child":[{"assetName":"qzc2511717054053","position":{"x":0.0,"y":0.20811748504638673,"z":0.0},"rotation":{"x":0.05845390260219574,"y":0.0,"z":-0.013923311606049538,"w":0.9981930255889893},"childNumber":0,"child":[]}]}