{"assetName":"Playground","position":{"x":0.0,"y":0.0,"z":0.0},"rotation":{"x":0.0,"y":0.0,"z":0.0,"w":1.0},"childNumber":3,"child":[{"assetName":"Bed2","position":{"x":3.338361978530884,"y":0.0,"z":3.306840181350708},"rotation":{"x":0.0,"y":0.0,"z":0.0,"w":1.0},"childNumber":1,"child":[{"assetName":"default","position":{"x":3.338361978530884,"y":0.09408676624298096,"z":3.306840181350708},"rotation":{"x":-0.3629615008831024,"y":-0.3569348454475403,"z":-0.6116340756416321,"w":0.6056073904037476},"childNumber":0,"child":[]}]},{"assetName":"Rug","position":{"x":2.1974048614501955,"y":0.0,"z":2.09060001373291},"rotation":{"x":0.0,"y":0.0,"z":0.0,"w":1.0},"childNumber":1,"child":[{"assetName":"default","position":{"x":2.1974048614501955,"y":0.03651005029678345,"z":2.09060001373291},"rotation":{"x":-0.0006444150349125266,"y":-0.004276139661669731,"z":-0.7071187496185303,"w":0.7070816159248352},"childNumber":0,"child":[]}]},{"assetName":"Nightstand","position":{"x":2.3877625465393068,"y":0.0,"z":3.8653604984283449},"rotation":{"x":0.0,"y":0.0,"z":0.0,"w":1.0},"childNumber":1,"child":[{"assetName":"default","position":{"x":2.3877625465393068,"y":0.4539070129394531,"z":3.8653604984283449},"rotation":{"x":-0.4867212176322937,"y":-0.47960421442985537,"z":-0.5198224782943726,"w":0.5127054452896118},"childNumber":0,"child":[]}]}]}