{"assetName":"awoodentable,frontview1715662447","position":{"x":11.00694751739502,"y":0.0,"z":11.995463371276856},"rotation":{"x":0.0,"y":0.0,"z":0.0,"w":1.0},"childNumber":1,"child":[{"assetName":"awoodentable,frontview1715662447","position":{"x":0.0,"y":0.2412416934967041,"z":0.0},"rotation":{"x":-0.0000934798299567774,"y":0.0,"z":0.22008761763572694,"w":0.9754801392555237},"childNumber":0,"child":[]}]}