{"assetName":"asdasd1716959033","position":{"x":14.704919815063477,"y":0.0,"z":5.505950450897217},"rotation":{"x":0.0,"y":0.0,"z":0.0,"w":1.0},"childNumber":1,"child":[{"assetName":"asdasd1716959033","position":{"x":0.0,"y":0.27537989616394045,"z":0.0},"rotation":{"x":-0.04687913507223129,"y":0.0,"z":0.05630318447947502,"w":0.9973125457763672},"childNumber":0,"child":[]}]}