{"assetName":"bed,topview1715324032","position":{"x":13.57856559753418,"y":0.0,"z":12.722822189331055},"rotation":{"x":0.0,"y":0.0,"z":0.0,"w":1.0},"childNumber":1,"child":[{"assetName":"default","position":{"x":13.57856559753418,"y":0.27140331268310549,"z":12.722822189331055},"rotation":{"x":-0.3058741092681885,"y":-0.2885977327823639,"z":-0.6501221060752869,"w":0.6328456997871399},"childNumber":0,"child":[]}]}