{"assetName":"asukafigure,frontview,evangelion1717044374","position":{"x":8.995485305786133,"y":0.0,"z":10.0194091796875},"rotation":{"x":0.0,"y":0.0,"z":0.0,"w":1.0},"childNumber":1,"child":[{"assetName":"asukafigure,frontview,evangelion1717044374","position":{"x":0.0,"y":0.22057592868804933,"z":0.0},"rotation":{"x":0.24213965237140656,"y":0.0,"z":0.47004425525665285,"w":0.8487796187400818},"childNumber":0,"child":[]}]}