{"assetName":"asdasd1717049332","position":{"x":9.42480182647705,"y":0.0,"z":8.99338436126709},"rotation":{"x":0.0,"y":0.0,"z":0.0,"w":1.0},"childNumber":1,"child":[{"assetName":"asdasd1717049332","position":{"x":0.0,"y":0.30965280532836916,"z":0.0},"rotation":{"x":-0.013808807358145714,"y":0.0,"z":-0.03449920937418938,"w":0.9993093609809876},"childNumber":0,"child":[]}]}