{"assetName":"gundamfigure,frontview1715143252","position":{"x":-0.1305389404296875,"y":0.0,"z":1.5771522521972657},"rotation":{"x":0.0,"y":0.0,"z":0.0,"w":1.0},"childNumber":1,"child":[{"assetName":"default","position":{"x":-0.1305389404296875,"y":0.43827998638153078,"z":1.5771522521972657},"rotation":{"x":-0.3090539872646332,"y":-0.2546059191226959,"z":-0.674595296382904,"w":0.6201472878456116},"childNumber":0,"child":[]}]}