{"assetName":"awoodentable,frontview1715571554","position":{"x":10.047124862670899,"y":0.0,"z":7.907938480377197},"rotation":{"x":0.0,"y":0.0,"z":0.0,"w":1.0},"childNumber":1,"child":[{"assetName":"default","position":{"x":10.047124862670899,"y":0.4611973762512207,"z":7.907938480377197},"rotation":{"x":-0.4410546123981476,"y":-0.44107210636138918,"z":-0.5526784658432007,"w":0.5526959896087647},"childNumber":0,"child":[]}]}