{"assetName":"chineseinktraditionalpaiting,frontview1715323725","position":{"x":12.317625999450684,"y":0.0,"z":12.997611045837403},"rotation":{"x":0.0,"y":0.0,"z":0.0,"w":1.0},"childNumber":1,"child":[{"assetName":"default","position":{"x":12.317625999450684,"y":0.46029341220855715,"z":12.997611045837403},"rotation":{"x":-0.4177517890930176,"y":-0.38780859112739565,"z":-0.5957640409469605,"w":0.5658208131790161},"childNumber":0,"child":[]}]}