{"assetName":"Playground","position":{"x":0.0,"y":0.0,"z":0.0},"rotation":{"x":0.0,"y":0.0,"z":0.0,"w":1.0},"childNumber":1,"child":[{"assetName":"gundamfigure,frontview,black1714455788","position":{"x":-3.060244560241699,"y":0.0,"z":2.6466128826141359},"rotation":{"x":0.0,"y":0.0,"z":0.0,"w":1.0},"childNumber":1,"child":[{"assetName":"default","position":{"x":-3.060244560241699,"y":0.42914724349975588,"z":2.6466128826141359},"rotation":{"x":-0.5053010582923889,"y":-0.5199074745178223,"z":-0.47965696454048159,"w":0.4942634105682373},"childNumber":0,"child":[]}]}]}