{"assetName":"gundamfigure,victoriouspose,frontview1715324144","position":{"x":12.30067253112793,"y":0.0,"z":12.116962432861329},"rotation":{"x":0.0,"y":0.0,"z":0.0,"w":1.0},"childNumber":1,"child":[{"assetName":"default","position":{"x":12.30067253112793,"y":0.4790390729904175,"z":12.116962432861329},"rotation":{"x":-0.5123590230941773,"y":-0.5132573843002319,"z":-0.4864054024219513,"w":0.4873037040233612},"childNumber":0,"child":[]}]}