{"assetName":"bookshelf,frontview1715323583","position":{"x":10.80731201171875,"y":0.0,"z":10.77139949798584},"rotation":{"x":0.0,"y":0.0,"z":0.0,"w":1.0},"childNumber":1,"child":[{"assetName":"default","position":{"x":10.80731201171875,"y":0.5050830841064453,"z":10.77139949798584},"rotation":{"x":-0.4940042197704315,"y":-0.4942135512828827,"z":-0.5057178139686585,"w":0.5059272050857544},"childNumber":0,"child":[]}]}