{"assetName":"test1715225155","position":{"x":1.5577507019042969,"y":0.0,"z":7.353824615478516},"rotation":{"x":0.0,"y":0.0,"z":0.0,"w":1.0},"childNumber":1,"child":[{"assetName":"default","position":{"x":1.5577507019042969,"y":0.47717905044555666,"z":7.353824615478516},"rotation":{"x":-0.5082326531410217,"y":-0.4841015040874481,"z":-0.5155803561210632,"w":0.49144914746284487},"childNumber":0,"child":[]}]}