{"assetName":"asdasd1715651680","position":{"x":1.1014595031738282,"y":0.0,"z":2.699077606201172},"rotation":{"x":0.0,"y":0.0,"z":0.0,"w":1.0},"childNumber":1,"child":[{"assetName":"default","position":{"x":1.1014595031738282,"y":0.24826371669769288,"z":2.699077606201172},"rotation":{"x":-0.43259337544441225,"y":-0.4758446514606476,"z":-0.5194379687309265,"w":0.5626891851425171},"childNumber":0,"child":[]}]}