{"assetName":"Stellbookshelves,frontview1715928994","position":{"x":13.113139152526856,"y":0.0,"z":11.023618698120118},"rotation":{"x":0.0,"y":0.0,"z":0.0,"w":1.0},"childNumber":1,"child":[{"assetName":"Stellbookshelves,frontview1715928994","position":{"x":0.0,"y":0.44046592712402346,"z":0.0},"rotation":{"x":0.0003740167012438178,"y":0.0,"z":-0.014793929643929005,"w":0.9998905062675476},"childNumber":0,"child":[]}]}