{"assetName":"test1717046409","position":{"x":15.062456130981446,"y":0.0,"z":16.03302574157715},"rotation":{"x":0.0,"y":0.0,"z":0.0,"w":1.0},"childNumber":1,"child":[{"assetName":"test1717046409","position":{"x":0.0,"y":0.37568771839141848,"z":0.0},"rotation":{"x":0.03342738747596741,"y":0.0,"z":0.03838052973151207,"w":0.9987039566040039},"childNumber":0,"child":[]}]}