{"assetName":"aramenbowl1715928940","position":{"x":12.039351463317871,"y":0.0,"z":10.065568923950196},"rotation":{"x":0.0,"y":0.0,"z":0.0,"w":1.0},"childNumber":1,"child":[{"assetName":"aramenbowl1715928940","position":{"x":0.0,"y":0.4207346439361572,"z":0.0},"rotation":{"x":0.001870783045887947,"y":0.0,"z":0.2894071936607361,"w":0.957204282283783},"childNumber":0,"child":[]}]}