{"assetName":"pokemon1715323239","position":{"x":13.485332489013672,"y":0.0,"z":4.400162696838379},"rotation":{"x":0.0,"y":0.0,"z":0.0,"w":1.0},"childNumber":1,"child":[{"assetName":"default","position":{"x":13.485332489013672,"y":0.40570807456970217,"z":4.400162696838379},"rotation":{"x":-0.4988360106945038,"y":-0.49320265650749209,"z":-0.5067501664161682,"w":0.5011168718338013},"childNumber":0,"child":[]}]}