{"assetName":"dasd1717046274","position":{"x":20.025644302368165,"y":0.0,"z":10.85113525390625},"rotation":{"x":0.0,"y":0.0,"z":0.0,"w":1.0},"childNumber":1,"child":[{"assetName":"dasd1717046274","position":{"x":0.0,"y":0.0,"z":0.0},"rotation":{"x":0.0,"y":0.0,"z":0.0,"w":1.0},"childNumber":0,"child":[]}]}