{"assetName":"asdas1717742841","position":{"x":3.3535518646240236,"y":0.0,"z":11.365941047668457},"rotation":{"x":0.0,"y":0.0,"z":0.0,"w":1.0},"childNumber":1,"child":[{"assetName":"asdas1717742841","position":{"x":0.0,"y":0.12370657920837403,"z":0.0},"rotation":{"x":0.0131270382553339,"y":0.0,"z":0.3552817404270172,"w":0.9346671104431152},"childNumber":0,"child":[]}]}